{
  "test_capability": {
    "capability_name": "test_capability",
    "signature": "bd16077faec10d8b0c271fc156d4dd1f971750abec23a4b71fb6dc90396b2c11",
    "checksum": "7524d1d57d80b39fb84295f95f0669321210faabdf617eb4999934f3c108a8e3",
    "created_at": "2026-01-14T21:34:08.073910",
    "last_verified": "2026-01-14T21:34:08.073955",
    "protection_level": "ultimate",
    "dependencies": [],
    "backup_locations": [
      "/root/Projets/Sharingan-WFK-Python/sharingan_app/_internal/psychic_backups/test_capability_20260114_213408.backup"
    ],
    "regeneration_code": "\n# AUTO-REGENERATION CODE for test_capability\n# Generated by Psychic Locks System\n\ndef regenerate_test_capability():\n    \"\"\"Auto-regenerate test_capability if corrupted\"\"\"\n    import json\n    backup_path = Path(__file__).parent / \"psychic_backups\" / \"test_capability_*.backup\"\n    # Find latest backup and restore\n    # Implementation details...\n    pass\n",
    "is_locked": true
  },
  "sharingan_os": {
    "capability_name": "sharingan_os",
    "signature": "047e38435fc6d36b9e24db5fba23b34a159c6277b9fa0726f9171e988aef6394",
    "checksum": "03a3298ac424ee254773db53b68e2a000bfb91a8450c3cd4fac5bad9d95c15dc",
    "created_at": "2026-01-14T21:35:50.148026",
    "last_verified": "2026-01-14T21:35:50.148089",
    "protection_level": "ultimate",
    "dependencies": [],
    "backup_locations": [
      "/root/Projets/Sharingan-WFK-Python/sharingan_app/_internal/psychic_backups/sharingan_os_20260114_213550.backup"
    ],
    "regeneration_code": "\n# AUTO-REGENERATION CODE for sharingan_os\n# Generated by Psychic Locks System\n\ndef regenerate_sharingan_os():\n    \"\"\"Auto-regenerate sharingan_os if corrupted\"\"\"\n    import json\n    backup_path = Path(__file__).parent / \"psychic_backups\" / \"sharingan_os_*.backup\"\n    # Find latest backup and restore\n    # Implementation details...\n    pass\n",
    "is_locked": true
  },
  "ai_providers": {
    "capability_name": "ai_providers",
    "signature": "c82576f6c44d5c27eacaee439cb8dda1dac113c21148ff82652a072b4c204051",
    "checksum": "9b2d195adc6a277ac63e73adc8a428abc1f921ee7c7d894747d8836cb018fd0f",
    "created_at": "2026-01-14T21:35:50.153610",
    "last_verified": "2026-01-14T21:35:50.153640",
    "protection_level": "ultimate",
    "dependencies": [],
    "backup_locations": [
      "/root/Projets/Sharingan-WFK-Python/sharingan_app/_internal/psychic_backups/ai_providers_20260114_213550.backup"
    ],
    "regeneration_code": "\n# AUTO-REGENERATION CODE for ai_providers\n# Generated by Psychic Locks System\n\ndef regenerate_ai_providers():\n    \"\"\"Auto-regenerate ai_providers if corrupted\"\"\"\n    import json\n    backup_path = Path(__file__).parent / \"psychic_backups\" / \"ai_providers_*.backup\"\n    # Find latest backup and restore\n    # Implementation details...\n    pass\n",
    "is_locked": true
  },
  "genome_memory": {
    "capability_name": "genome_memory",
    "signature": "7f7c7463c08aba0234511ad2faf57edfb3042e466893d7e7cf11c95ca5be5962",
    "checksum": "2c8baa5902674e315f4b41627a32260b8565998e874cfeff4eaf8efb8bd7300b",
    "created_at": "2026-01-14T21:35:50.160976",
    "last_verified": "2026-01-14T21:35:50.161001",
    "protection_level": "ultimate",
    "dependencies": [],
    "backup_locations": [
      "/root/Projets/Sharingan-WFK-Python/sharingan_app/_internal/psychic_backups/genome_memory_20260114_213550.backup"
    ],
    "regeneration_code": "\n# AUTO-REGENERATION CODE for genome_memory\n# Generated by Psychic Locks System\n\ndef regenerate_genome_memory():\n    \"\"\"Auto-regenerate genome_memory if corrupted\"\"\"\n    import json\n    backup_path = Path(__file__).parent / \"psychic_backups\" / \"genome_memory_*.backup\"\n    # Find latest backup and restore\n    # Implementation details...\n    pass\n",
    "is_locked": true
  },
  "enhanced_system_consciousness": {
    "capability_name": "enhanced_system_consciousness",
    "signature": "8b2df963a860927ce3c0baf68d6b3103f89d20dbef932a2d943dfd1ab6607988",
    "checksum": "91ea8d278b5c0096503e6d6b6f594b61d078061b564efd4806e55c38207fc994",
    "created_at": "2026-01-14T21:35:50.173512",
    "last_verified": "2026-01-14T21:35:50.173561",
    "protection_level": "ultimate",
    "dependencies": [],
    "backup_locations": [
      "/root/Projets/Sharingan-WFK-Python/sharingan_app/_internal/psychic_backups/enhanced_system_consciousness_20260114_213550.backup"
    ],
    "regeneration_code": "\n# AUTO-REGENERATION CODE for enhanced_system_consciousness\n# Generated by Psychic Locks System\n\ndef regenerate_enhanced_system_consciousness():\n    \"\"\"Auto-regenerate enhanced_system_consciousness if corrupted\"\"\"\n    import json\n    backup_path = Path(__file__).parent / \"psychic_backups\" / \"enhanced_system_consciousness_*.backup\"\n    # Find latest backup and restore\n    # Implementation details...\n    pass\n",
    "is_locked": true
  },
  "fake_detector": {
    "capability_name": "fake_detector",
    "signature": "b54da9cc6cc1d286b2ea0fe7932e845daccd1d80ab6dcc5198e835dc7378ccd6",
    "checksum": "8ebba8f510f88acddfa0d4757ca782312f5f2fa9a48616b36631fa77fa5bd4fa",
    "created_at": "2026-01-14T21:35:50.183014",
    "last_verified": "2026-01-14T21:35:50.183038",
    "protection_level": "ultimate",
    "dependencies": [],
    "backup_locations": [
      "/root/Projets/Sharingan-WFK-Python/sharingan_app/_internal/psychic_backups/fake_detector_20260114_213550.backup"
    ],
    "regeneration_code": "\n# AUTO-REGENERATION CODE for fake_detector\n# Generated by Psychic Locks System\n\ndef regenerate_fake_detector():\n    \"\"\"Auto-regenerate fake_detector if corrupted\"\"\"\n    import json\n    backup_path = Path(__file__).parent / \"psychic_backups\" / \"fake_detector_*.backup\"\n    # Find latest backup and restore\n    # Implementation details...\n    pass\n",
    "is_locked": true
  },
  "neutral_ai": {
    "capability_name": "neutral_ai",
    "signature": "3f7ad723dd3fbba9412ff30f3fbacce17301c42c364b701c73402e842f260136",
    "checksum": "61dece9af60e081382b0021a7cb096c39e704c397466f3fc6051dde490a7f4fe",
    "created_at": "2026-01-14T21:35:50.195524",
    "last_verified": "2026-01-14T21:35:50.195560",
    "protection_level": "ultimate",
    "dependencies": [],
    "backup_locations": [
      "/root/Projets/Sharingan-WFK-Python/sharingan_app/_internal/psychic_backups/neutral_ai_20260114_213550.backup"
    ],
    "regeneration_code": "\n# AUTO-REGENERATION CODE for neutral_ai\n# Generated by Psychic Locks System\n\ndef regenerate_neutral_ai():\n    \"\"\"Auto-regenerate neutral_ai if corrupted\"\"\"\n    import json\n    backup_path = Path(__file__).parent / \"psychic_backups\" / \"neutral_ai_*.backup\"\n    # Find latest backup and restore\n    # Implementation details...\n    pass\n",
    "is_locked": true
  },
  "kali_network_wrappers": {
    "capability_name": "kali_network_wrappers",
    "signature": "edb4645ba169a644e605742e03149daeb75ebe7e19e71c182a045cf3c79df297",
    "checksum": "709ea14a6cdeea8a619eae17721d5176d3bf9f58eed0c09f73cd6334c755fd40",
    "created_at": "2026-01-14T21:35:50.206544",
    "last_verified": "2026-01-14T21:35:50.206570",
    "protection_level": "advanced",
    "dependencies": [],
    "backup_locations": [
      "/root/Projets/Sharingan-WFK-Python/sharingan_app/_internal/psychic_backups/kali_network_wrappers_20260114_213550.backup"
    ],
    "regeneration_code": "\n# AUTO-REGENERATION CODE for kali_network_wrappers\n# Generated by Psychic Locks System\n\ndef regenerate_kali_network_wrappers():\n    \"\"\"Auto-regenerate kali_network_wrappers if corrupted\"\"\"\n    import json\n    backup_path = Path(__file__).parent / \"psychic_backups\" / \"kali_network_wrappers_*.backup\"\n    # Find latest backup and restore\n    # Implementation details...\n    pass\n",
    "is_locked": true
  },
  "kali_exploitation_wrappers": {
    "capability_name": "kali_exploitation_wrappers",
    "signature": "83a972a9ed62f3aa0194e4202ac3be06c191f152b8dcc3e3bde12b91ba9fddf2",
    "checksum": "0f62381b165fe1080954620ebe80baf4d6c74b9d5d93373442dd3da70c1d1c80",
    "created_at": "2026-01-14T21:35:50.217589",
    "last_verified": "2026-01-14T21:35:50.217617",
    "protection_level": "advanced",
    "dependencies": [],
    "backup_locations": [
      "/root/Projets/Sharingan-WFK-Python/sharingan_app/_internal/psychic_backups/kali_exploitation_wrappers_20260114_213550.backup"
    ],
    "regeneration_code": "\n# AUTO-REGENERATION CODE for kali_exploitation_wrappers\n# Generated by Psychic Locks System\n\ndef regenerate_kali_exploitation_wrappers():\n    \"\"\"Auto-regenerate kali_exploitation_wrappers if corrupted\"\"\"\n    import json\n    backup_path = Path(__file__).parent / \"psychic_backups\" / \"kali_exploitation_wrappers_*.backup\"\n    # Find latest backup and restore\n    # Implementation details...\n    pass\n",
    "is_locked": true
  },
  "main": {
    "capability_name": "main",
    "signature": "902f602b0162dc08bf8e86d1d1330f20b3ed8bb4a45fd314b42ddab685036d04",
    "checksum": "cb3bcff7199934b77adc71b40204a5657d6f5a06da9d714a746ffe72c26c1805",
    "created_at": "2026-01-14T21:35:50.229512",
    "last_verified": "2026-01-14T21:35:50.229539",
    "protection_level": "ultimate",
    "dependencies": [],
    "backup_locations": [
      "/root/Projets/Sharingan-WFK-Python/sharingan_app/_internal/psychic_backups/main_20260114_213550.backup"
    ],
    "regeneration_code": "\n# AUTO-REGENERATION CODE for main\n# Generated by Psychic Locks System\n\ndef regenerate_main():\n    \"\"\"Auto-regenerate main if corrupted\"\"\"\n    import json\n    backup_path = Path(__file__).parent / \"psychic_backups\" / \"main_*.backup\"\n    # Find latest backup and restore\n    # Implementation details...\n    pass\n",
    "is_locked": true
  }
}