{
  "successful_actions": [
    {
      "action": "nmap_scan",
      "result": "{'target': 'localhost', 'ports_found': [22, 80, 443]}",
      "success": true,
      "timestamp": "2026-01-14T20:50:03.964744",
      "gene_created": "security_action_nmap_scan"
    },
    {
      "action": "test_scan",
      "result": "{'found': 'open ports'}",
      "success": true,
      "timestamp": "2026-01-14T20:50:24.565484",
      "gene_created": "security_action_test_scan"
    },
    {
      "action": "web_security_scan",
      "result": "{'target': 'example.com', 'vulnerabilities_found': 2, 'severity': 'medium'}",
      "success": true,
      "timestamp": "2026-01-14T21:05:16.147977",
      "gene_created": "security_action_web_security_scan"
    },
    {
      "action": "system_analysis",
      "result": "{'components_tested': 5, 'all_passed': True}",
      "success": true,
      "timestamp": "2026-01-14T21:05:50.586441",
      "gene_created": "core_action_system_analysis"
    }
  ],
  "failed_actions": [],
  "user_patterns": [],
  "system_evolution": []
}